{"paths":{"Ext":"../ext/modern/modern/src","Ext.AbstractManager":"../ext/packages/core/src/AbstractManager.js","Ext.Ajax":"../ext/packages/core/src/Ajax.js","Ext.AnimationQueue":"../ext/packages/core/src/AnimationQueue.js","Ext.Array":"../ext/packages/core/src/lang/Array.js","Ext.Assert":"../ext/packages/core/src/lang/Assert.js","Ext.Base":"../ext/packages/core/src/class/Base.js","Ext.Boot":"../../../../bin/Sencha/Cmd/6.5.0.180/ant/build/app/Boot.js","Ext.Class":"../ext/packages/core/src/class/Class.js","Ext.ClassManager":"../ext/packages/core/src/class/ClassManager.js","Ext.ComponentManager":"../ext/packages/core/src/ComponentManager.js","Ext.ComponentQuery":"../ext/packages/core/src/ComponentQuery.js","Ext.Config":"../ext/packages/core/src/class/Config.js","Ext.Configurator":"../ext/packages/core/src/class/Configurator.js","Ext.Date":"../ext/packages/core/src/lang/Date.js","Ext.Deferred":"../ext/packages/core/src/Deferred.js","Ext.Error":"../ext/packages/core/src/lang/Error.js","Ext.Evented":"../ext/packages/core/src/Evented.js","Ext.Factory":"../ext/packages/core/src/mixin/Factoryable.js","Ext.Function":"../ext/packages/core/src/lang/Function.js","Ext.GlobalEvents":"../ext/packages/core/src/GlobalEvents.js","Ext.Glyph":"../ext/packages/core/src/Glyph.js","Ext.Inventory":"../ext/packages/core/src/class/Inventory.js","Ext.JSON":"../ext/packages/core/src/JSON.js","Ext.Loader":"../ext/packages/core/src/class/Loader.js","Ext.Mixin":"../ext/packages/core/src/class/Mixin.js","Ext.Number":"../ext/packages/core/src/lang/Number.js","Ext.Object":"../ext/packages/core/src/lang/Object.js","Ext.Package":"../packages/remote/package-loader/src/Package.js","Ext.Progress":"../ext/packages/core/src/Progress.js","Ext.ProgressBase":"../ext/packages/core/src/ProgressBase.js","Ext.Promise":"../ext/packages/core/src/Promise.js","Ext.Script":"../ext/packages/core/src/class/Inventory.js","Ext.String":"../ext/packages/core/src/lang/String.js","Ext.String.format":"../ext/packages/core/src/Template.js","Ext.TaskQueue":"../ext/packages/core/src/TaskQueue.js","Ext.Template":"../ext/packages/core/src/Template.js","Ext.Util":"../ext/packages/core/src/Util.js","Ext.Version":"../ext/packages/core/src/util/Version.js","Ext.Widget":"../ext/packages/core/src/Widget.js","Ext.XTemplate":"../ext/packages/core/src/XTemplate.js","Ext.app":"../ext/packages/core/src/app","Ext.browser":"../ext/packages/core/src/env/Browser.js","Ext.class":"../ext/packages/core/src/class","Ext.data":"../ext/packages/core/src/data","Ext.direct":"../ext/packages/core/src/direct","Ext.dom":"../ext/packages/core/src/dom","Ext.drag":"../ext/packages/core/src/drag","Ext.env":"../ext/packages/core/src/env","Ext.event":"../ext/packages/core/src/event","Ext.feature":"../ext/packages/core/src/env/Feature.js","Ext.field.InputMask":"../ext/packages/core/src/field/InputMask.js","Ext.fx":"../ext/packages/core/src/fx","Ext.grid.Tree":"../ext/modern/treegrid/src/grid/Tree.js","Ext.grid.cell.Tree":"../ext/modern/treegrid/src/grid/cell/Tree.js","Ext.grid.column":"../ext/modern/treegrid/src/grid/column","Ext.grid.column.Boolean":"../ext/modern/modern/src/grid/column/Boolean.js","Ext.grid.column.Check":"../ext/modern/modern/src/grid/column/Check.js","Ext.grid.column.Column":"../ext/modern/modern/src/grid/column/Column.js","Ext.grid.column.Date":"../ext/modern/modern/src/grid/column/Date.js","Ext.grid.column.Number":"../ext/modern/modern/src/grid/column/Number.js","Ext.grid.column.RowNumberer":"../ext/modern/modern/src/grid/column/RowNumberer.js","Ext.grid.column.Selection":"../ext/modern/modern/src/grid/column/Selection.js","Ext.grid.column.Text":"../ext/modern/modern/src/grid/column/Text.js","Ext.lang":"../ext/packages/core/src/lang","Ext.list":"../ext/packages/core/src/list","Ext.list.Location":"../ext/modern/modern/src/list/Location.js","Ext.mixin":"../ext/packages/core/src/mixin","Ext.mixin.Progressable":"../ext/modern/modern/src/mixin/Progressable.js","Ext.mixin.Toolable":"../ext/modern/modern/src/mixin/Toolable.js","Ext.os":"../ext/packages/core/src/env/OS.js","Ext.override":"../ext/modern/modern/overrides","Ext.overrides":"../ext/modern/modern/overrides","Ext.package":"../packages/remote/package-loader/src/package","Ext.parse":"../ext/packages/core/src/parse","Ext.perf":"../ext/packages/core/src/perf","Ext.plugin.Abstract":"../ext/packages/core/src/plugin/Abstract.js","Ext.plugin.MouseEnter":"../ext/packages/core/src/plugin/MouseEnter.js","Ext.promise":"../ext/packages/core/src/promise","Ext.route":"../ext/packages/core/src/route","Ext.scroll":"../ext/packages/core/src/scroll","Ext.sparkline":"../ext/packages/core/src/sparkline","Ext.supports":"../ext/packages/core/src/env/Feature.js","Ext.theme.neptune":"../ext/modern/theme-neptune/overrides","Ext.theme.neptune.Titlebar":"../ext/modern/theme-neptune/overrides/TitleBar.js","Ext.util":"../ext/packages/core/src/util","Ext.util.Audio":"../ext/modern/modern/src/util/Audio.js","Ext.util.BufferedCollection":"../ext/modern/modern/src/util/BufferedCollection.js","Ext.util.Draggable":"../ext/modern/modern/src/util/Draggable.js","Ext.util.Format.format":"../ext/packages/core/src/Template.js","Ext.util.Geolocation":"../ext/modern/modern/src/util/Geolocation.js","Ext.util.InputBlocker":"../ext/modern/modern/src/util/InputBlocker.js","Ext.util.LineSegment":"../ext/modern/modern/src/util/LineSegment.js","Ext.util.PositionMap":"../ext/modern/modern/src/util/PositionMap.js","Ext.util.TranslatableGroup":"../ext/modern/modern/src/util/TranslatableGroup.js","Ext.util.TranslatableList":"../ext/modern/modern/src/util/TranslatableList.js","Ext.util.Wrapper":"../ext/modern/modern/src/util/Wrapper.js","Ext.util.translatable.Component":"../ext/modern/modern/src/util/translatable/Component.js","packageApp":"app","packageApp.view.main.List":"modern/src/view/main/List.js","packageApp.view.main.Main":"modern/src/view/main/Main.js"},"loadOrder":[{"path":"../ext/modern/theme-neptune/overrides/TitleBar.js","requires":[],"uses":[],"idx":0},{"path":"../ext/modern/theme-neptune/overrides/panel/Date.js","requires":[],"uses":[],"idx":1},{"path":"../ext/modern/theme-neptune/overrides/init.js","requires":[],"uses":[],"idx":2},{"path":"../ext/modern/theme-triton/overrides/init.js","requires":[],"uses":[],"idx":3},{"path":"../packages/remote/package-loader/src/package/Entry.js","requires":[],"uses":[],"idx":4},{"path":"../packages/remote/package-loader/src/Package.js","requires":[4],"uses":[],"idx":5},{"path":"app/Application.js","requires":[],"uses":[],"idx":6},{"path":"app/model/Base.js","requires":[],"uses":[],"idx":7},{"path":"app/model/Personnel.js","requires":[7],"uses":[],"idx":8},{"path":"app/store/Personnel.js","requires":[8],"uses":[],"idx":9},{"path":"app/view/main/MainController.js","requires":[],"uses":[],"idx":10},{"path":"app/view/main/MainModel.js","requires":[],"uses":[],"idx":11},{"path":"modern/src/view/main/List.js","requires":[9],"uses":[],"idx":12},{"path":"modern/src/view/main/Main.js","requires":[12],"uses":[],"idx":13},{"path":"app.js","requires":[0,1,2,3,6,7,8,9,10,11,12,13],"uses":[],"idx":14},{"path":"../build/temp/development/packageApp/sencha-compiler/app/full-page-master-bundle.js","requires":[14],"uses":[],"idx":15}],"classes":{"Ext.AbstractComponent":{"alias":[],"alternates":[]},"Ext.AbstractManager":{"alias":[],"alternates":[]},"Ext.ActionSheet":{"alias":["widget.actionsheet"],"alternates":[]},"Ext.Ajax":{"alias":[],"alternates":[]},"Ext.Anim":{"alias":[],"alternates":[]},"Ext.AnimationQueue":{"alias":[],"alternates":[]},"Ext.Audio":{"alias":["widget.audio"],"alternates":[]},"Ext.Button":{"alias":["widget.button"],"alternates":[]},"Ext.Component":{"alias":["widget.component"],"alternates":["Ext.lib.Component","Ext.Gadget"]},"Ext.ComponentManager":{"alias":[],"alternates":["Ext.ComponentMgr"]},"Ext.ComponentQuery":{"alias":[],"alternates":[]},"Ext.Container":{"alias":["widget.container"],"alternates":["Ext.lib.Container","Ext.container.Container"]},"Ext.Decorator":{"alias":[],"alternates":[]},"Ext.Deferred":{"alias":[],"alternates":[]},"Ext.Dialog":{"alias":["widget.dialog","widget.window"],"alternates":["Ext.Window","Ext.window.Window"]},"Ext.Editor":{"alias":["widget.editor"],"alternates":[]},"Ext.Evented":{"alias":[],"alternates":["Ext.EventedBase"]},"Ext.GlobalEvents":{"alias":[],"alternates":["Ext.globalEvents"]},"Ext.Glyph":{"alias":[],"alternates":[]},"Ext.Img":{"alias":["widget.image","widget.img"],"alternates":["Ext.Image"]},"Ext.Indicator":{"alias":["widget.indicator"],"alternates":[]},"Ext.Label":{"alias":["widget.label"],"alternates":[]},"Ext.LoadMask":{"alias":["widget.loadmask"],"alternates":[]},"Ext.Mask":{"alias":["widget.mask"],"alternates":[]},"Ext.Media":{"alias":["widget.media"],"alternates":[]},"Ext.MessageBox":{"alias":["widget.messagebox"],"alternates":[]},"Ext.Mixin":{"alias":[],"alternates":[]},"Ext.Package":{"idx":5,"alias":[],"alternates":[]},"Ext.Panel":{"alias":["widget.panel"],"alternates":["Ext.panel.Panel"]},"Ext.Progress":{"alias":["widget.progress","widget.progressbarwidget"],"alternates":["Ext.ProgressBarWidget"]},"Ext.ProgressBase":{"alias":[],"alternates":[]},"Ext.Promise":{"alias":[],"alternates":[]},"Ext.SegmentedButton":{"alias":["widget.segmentedbutton"],"alternates":["Ext.button.Segmented"]},"Ext.Sheet":{"alias":["widget.sheet"],"alternates":[]},"Ext.Spacer":{"alias":["widget.spacer"],"alternates":[]},"Ext.TaskQueue":{"alias":[],"alternates":[]},"Ext.Template":{"alias":[],"alternates":[]},"Ext.Title":{"alias":["widget.title"],"alternates":[]},"Ext.TitleBar":{"alias":["widget.titlebar"],"alternates":[]},"Ext.Toast":{"alias":[],"alternates":[]},"Ext.Tool":{"alias":["widget.paneltool","widget.tool"],"alternates":["Ext.panel.Tool"]},"Ext.Toolbar":{"alias":["widget.toolbar"],"alternates":[]},"Ext.Video":{"alias":["widget.video"],"alternates":[]},"Ext.Widget":{"alias":["widget.widget"],"alternates":["Ext.Gadget"]},"Ext.XTemplate":{"alias":[],"alternates":[]},"Ext.app.Application":{"alias":[],"alternates":[]},"Ext.app.BaseController":{"alias":[],"alternates":[]},"Ext.app.Controller":{"alias":[],"alternates":[]},"Ext.app.EventBus":{"alias":[],"alternates":[]},"Ext.app.EventDomain":{"alias":[],"alternates":[]},"Ext.app.Profile":{"alias":[],"alternates":[]},"Ext.app.Util":{"alias":[],"alternates":[]},"Ext.app.ViewController":{"alias":["controller.controller"],"alternates":[]},"Ext.app.ViewModel":{"alias":["viewmodel.default"],"alternates":[]},"Ext.app.bind.AbstractStub":{"alias":[],"alternates":[]},"Ext.app.bind.BaseBinding":{"alias":[],"alternates":[]},"Ext.app.bind.Binding":{"alias":[],"alternates":[]},"Ext.app.bind.Formula":{"alias":[],"alternates":[]},"Ext.app.bind.LinkStub":{"alias":[],"alternates":[]},"Ext.app.bind.Multi":{"alias":[],"alternates":[]},"Ext.app.bind.Parser":{"alias":[],"alternates":[]},"Ext.app.bind.RootStub":{"alias":[],"alternates":[]},"Ext.app.bind.Stub":{"alias":[],"alternates":[]},"Ext.app.bind.Template":{"alias":[],"alternates":[]},"Ext.app.bind.TemplateBinding":{"alias":[],"alternates":[]},"Ext.app.domain.Component":{"alias":[],"alternates":[]},"Ext.app.domain.Controller":{"alias":[],"alternates":[]},"Ext.app.domain.Direct":{"alias":[],"alternates":[]},"Ext.app.domain.Global":{"alias":[],"alternates":[]},"Ext.app.domain.Store":{"alias":[],"alternates":[]},"Ext.app.domain.View":{"alias":[],"alternates":[]},"Ext.behavior.Behavior":{"alias":[],"alternates":[]},"Ext.carousel.Carousel":{"alias":["widget.carousel"],"alternates":["Ext.Carousel"]},"Ext.carousel.Infinite":{"alias":[],"alternates":[]},"Ext.carousel.Item":{"alias":[],"alternates":[]},"Ext.data.AbstractStore":{"alias":[],"alternates":[]},"Ext.data.ArrayStore":{"alias":["store.array"],"alternates":["Ext.data.SimpleStore"]},"Ext.data.Batch":{"alias":[],"alternates":[]},"Ext.data.BufferedStore":{"alias":["store.buffered"],"alternates":[]},"Ext.data.ChainedStore":{"alias":["store.chained"],"alternates":[]},"Ext.data.Connection":{"alias":[],"alternates":[]},"Ext.data.DirectStore":{"alias":["store.direct"],"alternates":[]},"Ext.data.Error":{"alias":[],"alternates":[]},"Ext.data.ErrorCollection":{"alias":[],"alternates":["Ext.data.Errors"]},"Ext.data.Group":{"alias":[],"alternates":[]},"Ext.data.JsonP":{"alias":[],"alternates":[]},"Ext.data.JsonPStore":{"alias":["store.jsonp"],"alternates":[]},"Ext.data.JsonStore":{"alias":["store.json"],"alternates":[]},"Ext.data.LocalStore":{"alias":[],"alternates":[]},"Ext.data.Model":{"alias":[],"alternates":["Ext.data.Record"]},"Ext.data.ModelManager":{"alias":[],"alternates":["Ext.ModelMgr"]},"Ext.data.NodeInterface":{"alias":[],"alternates":[]},"Ext.data.NodeStore":{"alias":["store.node"],"alternates":[]},"Ext.data.PageMap":{"alias":[],"alternates":[]},"Ext.data.ProxyStore":{"alias":[],"alternates":[]},"Ext.data.Range":{"alias":[],"alternates":[]},"Ext.data.Request":{"alias":[],"alternates":[]},"Ext.data.ResultSet":{"alias":[],"alternates":[]},"Ext.data.Session":{"alias":[],"alternates":[]},"Ext.data.SortTypes":{"alias":[],"alternates":[]},"Ext.data.Store":{"alias":["store.store"],"alternates":[]},"Ext.data.StoreManager":{"alias":[],"alternates":["Ext.StoreMgr","Ext.data.StoreMgr","Ext.StoreManager"]},"Ext.data.TreeModel":{"alias":[],"alternates":[]},"Ext.data.TreeStore":{"alias":["store.tree"],"alternates":[]},"Ext.data.Types":{"alias":[],"alternates":[]},"Ext.data.Validation":{"alias":[],"alternates":[]},"Ext.data.XmlStore":{"alias":["store.xml"],"alternates":[]},"Ext.data.field.Boolean":{"alias":["data.field.bool","data.field.boolean"],"alternates":[]},"Ext.data.field.Date":{"alias":["data.field.date"],"alternates":[]},"Ext.data.field.Field":{"alias":["data.field.auto"],"alternates":["Ext.data.Field"]},"Ext.data.field.Integer":{"alias":["data.field.int","data.field.integer"],"alternates":[]},"Ext.data.field.Number":{"alias":["data.field.float","data.field.number"],"alternates":[]},"Ext.data.field.String":{"alias":["data.field.string"],"alternates":[]},"Ext.data.flash.BinaryXhr":{"alias":[],"alternates":[]},"Ext.data.identifier.Generator":{"alias":["data.identifier.default"],"alternates":[]},"Ext.data.identifier.Negative":{"alias":["data.identifier.negative"],"alternates":[]},"Ext.data.identifier.Sequential":{"alias":["data.identifier.sequential"],"alternates":[]},"Ext.data.identifier.Uuid":{"alias":["data.identifier.uuid"],"alternates":[]},"Ext.data.matrix.Matrix":{"alias":[],"alternates":[]},"Ext.data.matrix.Side":{"alias":[],"alternates":[]},"Ext.data.matrix.Slice":{"alias":[],"alternates":[]},"Ext.data.operation.Create":{"alias":["data.operation.create"],"alternates":[]},"Ext.data.operation.Destroy":{"alias":["data.operation.destroy"],"alternates":[]},"Ext.data.operation.Operation":{"alias":[],"alternates":["Ext.data.Operation"]},"Ext.data.operation.Read":{"alias":["data.operation.read"],"alternates":[]},"Ext.data.operation.Update":{"alias":["data.operation.update"],"alternates":[]},"Ext.data.proxy.Ajax":{"alias":["proxy.ajax"],"alternates":["Ext.data.HttpProxy","Ext.data.AjaxProxy"]},"Ext.data.proxy.Client":{"alias":[],"alternates":["Ext.data.ClientProxy"]},"Ext.data.proxy.Direct":{"alias":["proxy.direct"],"alternates":["Ext.data.DirectProxy"]},"Ext.data.proxy.JsonP":{"alias":["proxy.jsonp","proxy.scripttag"],"alternates":["Ext.data.ScriptTagProxy"]},"Ext.data.proxy.LocalStorage":{"alias":["proxy.localstorage"],"alternates":["Ext.data.LocalStorageProxy"]},"Ext.data.proxy.Memory":{"alias":["proxy.memory"],"alternates":["Ext.data.MemoryProxy"]},"Ext.data.proxy.Proxy":{"alias":["proxy.proxy"],"alternates":["Ext.data.DataProxy","Ext.data.Proxy"]},"Ext.data.proxy.Rest":{"alias":["proxy.rest"],"alternates":["Ext.data.RestProxy"]},"Ext.data.proxy.Server":{"alias":["proxy.server"],"alternates":["Ext.data.ServerProxy"]},"Ext.data.proxy.SessionStorage":{"alias":["proxy.sessionstorage"],"alternates":["Ext.data.SessionStorageProxy"]},"Ext.data.proxy.WebStorage":{"alias":[],"alternates":["Ext.data.WebStorageProxy"]},"Ext.data.reader.Array":{"alias":["reader.array"],"alternates":["Ext.data.ArrayReader"]},"Ext.data.reader.Json":{"alias":["reader.json"],"alternates":["Ext.data.JsonReader"]},"Ext.data.reader.Reader":{"alias":["reader.base"],"alternates":["Ext.data.Reader","Ext.data.DataReader"]},"Ext.data.reader.Xml":{"alias":["reader.xml"],"alternates":["Ext.data.XmlReader"]},"Ext.data.request.Ajax":{"alias":["request.ajax"],"alternates":[]},"Ext.data.request.Base":{"alias":[],"alternates":[]},"Ext.data.request.Form":{"alias":["request.form"],"alternates":[]},"Ext.data.schema.Association":{"alias":[],"alternates":[]},"Ext.data.schema.ManyToMany":{"alias":[],"alternates":[]},"Ext.data.schema.ManyToOne":{"alias":[],"alternates":[]},"Ext.data.schema.Namer":{"alias":["namer.default"],"alternates":[]},"Ext.data.schema.OneToOne":{"alias":[],"alternates":[]},"Ext.data.schema.Role":{"alias":[],"alternates":[]},"Ext.data.schema.Schema":{"alias":["schema.default"],"alternates":[]},"Ext.data.session.BatchVisitor":{"alias":[],"alternates":[]},"Ext.data.session.ChangesVisitor":{"alias":[],"alternates":[]},"Ext.data.session.ChildChangesVisitor":{"alias":[],"alternates":[]},"Ext.data.summary.Average":{"alias":["data.summary.average"],"alternates":[]},"Ext.data.summary.Base":{"alias":["data.summary.base"],"alternates":[]},"Ext.data.summary.Count":{"alias":["data.summary.count"],"alternates":[]},"Ext.data.summary.Max":{"alias":["data.summary.max"],"alternates":[]},"Ext.data.summary.Min":{"alias":["data.summary.min"],"alternates":[]},"Ext.data.summary.Sum":{"alias":["data.summary.sum"],"alternates":[]},"Ext.data.validator.AbstractDate":{"alias":[],"alternates":[]},"Ext.data.validator.Bound":{"alias":["data.validator.bound"],"alternates":[]},"Ext.data.validator.CIDRv4":{"alias":["data.validator.cidrv4"],"alternates":[]},"Ext.data.validator.CIDRv6":{"alias":["data.validator.cidrv6"],"alternates":[]},"Ext.data.validator.Currency":{"alias":["data.validator.currency"],"alternates":[]},"Ext.data.validator.CurrencyUS":{"alias":["data.validator.currency-us"],"alternates":[]},"Ext.data.validator.Date":{"alias":["data.validator.date"],"alternates":[]},"Ext.data.validator.DateTime":{"alias":["data.validator.datetime"],"alternates":[]},"Ext.data.validator.Email":{"alias":["data.validator.email"],"alternates":[]},"Ext.data.validator.Exclusion":{"alias":["data.validator.exclusion"],"alternates":[]},"Ext.data.validator.Format":{"alias":["data.validator.format"],"alternates":[]},"Ext.data.validator.IPAddress":{"alias":["data.validator.ipaddress"],"alternates":[]},"Ext.data.validator.Inclusion":{"alias":["data.validator.inclusion"],"alternates":[]},"Ext.data.validator.Length":{"alias":["data.validator.length"],"alternates":[]},"Ext.data.validator.List":{"alias":["data.validator.list"],"alternates":[]},"Ext.data.validator.NotNull":{"alias":["data.validator.notnull"],"alternates":[]},"Ext.data.validator.Number":{"alias":["data.validator.number"],"alternates":[]},"Ext.data.validator.Phone":{"alias":["data.validator.phone"],"alternates":[]},"Ext.data.validator.Presence":{"alias":["data.validator.presence"],"alternates":[]},"Ext.data.validator.Range":{"alias":["data.validator.range"],"alternates":[]},"Ext.data.validator.Time":{"alias":["data.validator.time"],"alternates":[]},"Ext.data.validator.Url":{"alias":["data.validator.url"],"alternates":[]},"Ext.data.validator.Validator":{"alias":["data.validator.base"],"alternates":[]},"Ext.data.virtual.Group":{"alias":[],"alternates":[]},"Ext.data.virtual.Page":{"alias":[],"alternates":[]},"Ext.data.virtual.PageMap":{"alias":[],"alternates":[]},"Ext.data.virtual.Range":{"alias":[],"alternates":[]},"Ext.data.virtual.Store":{"alias":["store.virtual"],"alternates":[]},"Ext.data.writer.Json":{"alias":["writer.json"],"alternates":["Ext.data.JsonWriter"]},"Ext.data.writer.Writer":{"alias":["writer.base"],"alternates":["Ext.data.DataWriter","Ext.data.Writer"]},"Ext.data.writer.Xml":{"alias":["writer.xml"],"alternates":["Ext.data.XmlWriter"]},"Ext.dataview.Abstract":{"alias":[],"alternates":[]},"Ext.dataview.BoundList":{"alias":["widget.boundlist"],"alternates":[]},"Ext.dataview.BoundListLocation":{"alias":[],"alternates":[]},"Ext.dataview.BoundListNavigationModel":{"alias":["navmodel.boundlist"],"alternates":[]},"Ext.dataview.Component":{"alias":["widget.componentdataview"],"alternates":[]},"Ext.dataview.DataItem":{"alias":["widget.dataitem"],"alternates":["Ext.dataview.component.DataItem"]},"Ext.dataview.DataView":{"alias":["widget.dataview"],"alternates":["Ext.DataView"]},"Ext.dataview.EmptyText":{"alias":["widget.emptytext"],"alternates":[]},"Ext.dataview.GenericItem":{"alias":[],"alternates":[]},"Ext.dataview.IndexBar":{"alias":["widget.indexbar"],"alternates":["Ext.IndexBar"]},"Ext.dataview.ItemHeader":{"alias":["widget.itemheader"],"alternates":[]},"Ext.dataview.List":{"alias":["widget.list"],"alternates":["Ext.List"]},"Ext.dataview.ListItem":{"alias":["widget.listitem"],"alternates":["Ext.dataview.component.ListItem"]},"Ext.dataview.Location":{"alias":[],"alternates":[]},"Ext.dataview.NavigationModel":{"alias":["navmodel.dataview"],"alternates":[]},"Ext.dataview.NestedList":{"alias":["widget.nestedlist"],"alternates":["Ext.NestedList"]},"Ext.dataview.Pinnable":{"alias":[],"alternates":[]},"Ext.dataview.SimpleListItem":{"alias":["widget.simplelistitem"],"alternates":["Ext.dataview.component.SimpleListItem"]},"Ext.dataview.listswiper.Accordion":{"alias":["widget.listswiperaccordion"],"alternates":[]},"Ext.dataview.listswiper.Item":{"alias":["widget.listswiperitem"],"alternates":[]},"Ext.dataview.listswiper.ListSwiper":{"alias":["plugin.listswiper"],"alternates":[]},"Ext.dataview.listswiper.Stepper":{"alias":["widget.listswiperstepper"],"alternates":[]},"Ext.dataview.plugin.ItemTip":{"alias":["plugin.dataviewtip"],"alternates":[]},"Ext.dataview.plugin.ListPaging":{"alias":["plugin.listpaging"],"alternates":["Ext.plugin.ListPaging"]},"Ext.dataview.plugin.SortableList":{"alias":["plugin.sortablelist"],"alternates":["Ext.plugin.SortableList"]},"Ext.dataview.pullrefresh.Bar":{"alias":["widget.pullrefreshbar"],"alternates":[]},"Ext.dataview.pullrefresh.Item":{"alias":[],"alternates":[]},"Ext.dataview.pullrefresh.PullRefresh":{"alias":["plugin.pullrefresh"],"alternates":["Ext.plugin.PullRefresh"]},"Ext.dataview.pullrefresh.Spinner":{"alias":["widget.pullrefreshspinner"],"alternates":[]},"Ext.dataview.selection.Model":{"alias":["selmodel.dataview"],"alternates":[]},"Ext.dataview.selection.Records":{"alias":["selection.records"],"alternates":[]},"Ext.dataview.selection.Rows":{"alias":["selection.rows"],"alternates":[]},"Ext.dataview.selection.Selection":{"alias":[],"alternates":[]},"Ext.direct.Event":{"alias":["direct.event"],"alternates":[]},"Ext.direct.ExceptionEvent":{"alias":["direct.exception"],"alternates":[]},"Ext.direct.JsonProvider":{"alias":["direct.jsonprovider"],"alternates":[]},"Ext.direct.Manager":{"alias":[],"alternates":[]},"Ext.direct.PollingProvider":{"alias":["direct.pollingprovider"],"alternates":[]},"Ext.direct.Provider":{"alias":["direct.provider"],"alternates":[]},"Ext.direct.RemotingEvent":{"alias":["direct.rpc"],"alternates":[]},"Ext.direct.RemotingMethod":{"alias":[],"alternates":[]},"Ext.direct.RemotingProvider":{"alias":["direct.remotingprovider"],"alternates":[]},"Ext.direct.Transaction":{"alias":["direct.transaction"],"alternates":[]},"Ext.dom.CompositeElement":{"alias":[],"alternates":["Ext.CompositeElement"]},"Ext.dom.CompositeElementLite":{"alias":[],"alternates":["Ext.CompositeElementLite"]},"Ext.dom.Element":{"alias":[],"alternates":["Ext.Element"]},"Ext.dom.ElementEvent":{"alias":[],"alternates":[]},"Ext.dom.Fly":{"alias":[],"alternates":["Ext.dom.Element.Fly"]},"Ext.dom.GarbageCollector":{"alias":[],"alternates":[]},"Ext.dom.Helper":{"alias":[],"alternates":["Ext.DomHelper","Ext.core.DomHelper"]},"Ext.dom.Query":{"alias":[],"alternates":["Ext.core.DomQuery","Ext.DomQuery"]},"Ext.dom.Shadow":{"alias":[],"alternates":["Ext.Shadow"]},"Ext.dom.Shim":{"alias":[],"alternates":[]},"Ext.dom.TouchAction":{"alias":[],"alternates":[]},"Ext.dom.Underlay":{"alias":[],"alternates":[]},"Ext.dom.UnderlayPool":{"alias":[],"alternates":[]},"Ext.drag.Constraint":{"alias":["drag.constraint.base"],"alternates":[]},"Ext.drag.Info":{"alias":[],"alternates":[]},"Ext.drag.Item":{"alias":[],"alternates":[]},"Ext.drag.Manager":{"alias":[],"alternates":[]},"Ext.drag.Source":{"alias":[],"alternates":[]},"Ext.drag.Target":{"alias":[],"alternates":[]},"Ext.drag.proxy.None":{"alias":["drag.proxy.none"],"alternates":[]},"Ext.drag.proxy.Original":{"alias":["drag.proxy.original"],"alternates":[]},"Ext.drag.proxy.Placeholder":{"alias":["drag.proxy.placeholder"],"alternates":[]},"Ext.event.Event":{"alias":[],"alternates":["Ext.EventObjectImpl"]},"Ext.event.gesture.DoubleTap":{"alias":[],"alternates":[]},"Ext.event.gesture.Drag":{"alias":[],"alternates":[]},"Ext.event.gesture.EdgeSwipe":{"alias":[],"alternates":[]},"Ext.event.gesture.LongPress":{"alias":[],"alternates":[]},"Ext.event.gesture.MultiTouch":{"alias":[],"alternates":[]},"Ext.event.gesture.Pinch":{"alias":[],"alternates":[]},"Ext.event.gesture.Recognizer":{"alias":[],"alternates":[]},"Ext.event.gesture.Rotate":{"alias":[],"alternates":[]},"Ext.event.gesture.SingleTouch":{"alias":[],"alternates":[]},"Ext.event.gesture.Swipe":{"alias":[],"alternates":[]},"Ext.event.gesture.Tap":{"alias":[],"alternates":[]},"Ext.event.publisher.Dom":{"alias":[],"alternates":[]},"Ext.event.publisher.ElementPaint":{"alias":[],"alternates":[]},"Ext.event.publisher.ElementSize":{"alias":[],"alternates":[]},"Ext.event.publisher.Focus":{"alias":[],"alternates":[]},"Ext.event.publisher.Gesture":{"alias":[],"alternates":[]},"Ext.event.publisher.Publisher":{"alias":[],"alternates":[]},"Ext.field.BoxLabelable":{"alias":[],"alternates":[]},"Ext.field.Checkbox":{"alias":["widget.checkbox","widget.checkboxfield"],"alternates":["Ext.form.Checkbox"]},"Ext.field.ComboBox":{"alias":["widget.combobox","widget.comboboxfield"],"alternates":["Ext.form.field.ComboBox"]},"Ext.field.Container":{"alias":["widget.containerfield","widget.fieldcontainer"],"alternates":[]},"Ext.field.Date":{"alias":["widget.datefield","widget.datepickerfield"],"alternates":["Ext.form.DatePicker","Ext.field.DatePicker"]},"Ext.field.DatePickerNative":{"alias":["widget.datepickernativefield"],"alternates":["Ext.form.DatePickerNative"]},"Ext.field.Email":{"alias":["widget.emailfield"],"alternates":["Ext.form.Email"]},"Ext.field.Field":{"alias":["widget.field"],"alternates":["Ext.form.Field"]},"Ext.field.File":{"alias":["widget.filefield"],"alternates":[]},"Ext.field.FileButton":{"alias":["widget.filebutton"],"alternates":[]},"Ext.field.Hidden":{"alias":["widget.hiddenfield"],"alternates":["Ext.form.Hidden"]},"Ext.field.Input":{"alias":["widget.inputfield"],"alternates":[]},"Ext.field.InputMask":{"alias":[],"alternates":[]},"Ext.field.Manager":{"alias":[],"alternates":[]},"Ext.field.Number":{"alias":["widget.numberfield"],"alternates":["Ext.form.Number"]},"Ext.field.Panel":{"alias":["widget.fieldpanel"],"alternates":[]},"Ext.field.Password":{"alias":["widget.passwordfield"],"alternates":["Ext.form.Password"]},"Ext.field.Picker":{"alias":["widget.pickerfield"],"alternates":[]},"Ext.field.Radio":{"alias":["widget.radio","widget.radiofield"],"alternates":["Ext.form.Radio"]},"Ext.field.Search":{"alias":["widget.searchfield"],"alternates":["Ext.form.Search"]},"Ext.field.Select":{"alias":["widget.selectfield"],"alternates":["Ext.form.Select"]},"Ext.field.SingleSlider":{"alias":["widget.singlesliderfield"],"alternates":[]},"Ext.field.Slider":{"alias":["widget.sliderfield"],"alternates":["Ext.form.Slider"]},"Ext.field.Spinner":{"alias":["widget.spinnerfield"],"alternates":["Ext.form.Spinner"]},"Ext.field.Text":{"alias":["widget.textfield"],"alternates":["Ext.form.Text"]},"Ext.field.TextArea":{"alias":["widget.textareafield"],"alternates":["Ext.form.TextArea"]},"Ext.field.Toggle":{"alias":["widget.togglefield"],"alternates":["Ext.form.Toggle"]},"Ext.field.Url":{"alias":["widget.urlfield"],"alternates":["Ext.form.Url"]},"Ext.field.trigger.Base":{"alias":["trigger.base"],"alternates":[]},"Ext.field.trigger.Clear":{"alias":["trigger.clear","widget.cleartrigger"],"alternates":[]},"Ext.field.trigger.Component":{"alias":["trigger.component"],"alternates":[]},"Ext.field.trigger.Date":{"alias":["trigger.date","widget.datetrigger"],"alternates":[]},"Ext.field.trigger.Expand":{"alias":["trigger.expand","widget.expandtrigger"],"alternates":[]},"Ext.field.trigger.File":{"alias":["trigger.file"],"alternates":[]},"Ext.field.trigger.Menu":{"alias":["trigger.menu","widget.menutrigger"],"alternates":[]},"Ext.field.trigger.Reveal":{"alias":["trigger.reveal","widget.revealtrigger"],"alternates":[]},"Ext.field.trigger.Search":{"alias":["trigger.search","widget.searchtrigger"],"alternates":[]},"Ext.field.trigger.SpinDown":{"alias":["trigger.spindown","widget.spindowntrigger"],"alternates":[]},"Ext.field.trigger.SpinUp":{"alias":["trigger.spinup","widget.spinuptrigger"],"alternates":[]},"Ext.field.trigger.Trigger":{"alias":["trigger.trigger","widget.trigger"],"alternates":[]},"Ext.form.Borders":{"alias":[],"alternates":[]},"Ext.form.FieldSet":{"alias":["widget.fieldset"],"alternates":[]},"Ext.form.Panel":{"alias":["widget.formpanel"],"alternates":["Ext.form.FormPanel"]},"Ext.fx.Animation":{"alias":[],"alternates":[]},"Ext.fx.Runner":{"alias":[],"alternates":[]},"Ext.fx.State":{"alias":[],"alternates":[]},"Ext.fx.animation.Abstract":{"alias":[],"alternates":[]},"Ext.fx.animation.Cube":{"alias":["animation.cube"],"alternates":[]},"Ext.fx.animation.Fade":{"alias":["animation.fade","animation.fadeIn"],"alternates":["Ext.fx.animation.FadeIn"]},"Ext.fx.animation.FadeOut":{"alias":["animation.fadeOut"],"alternates":[]},"Ext.fx.animation.Flip":{"alias":["animation.flip"],"alternates":[]},"Ext.fx.animation.Pop":{"alias":["animation.pop","animation.popIn"],"alternates":["Ext.fx.animation.PopIn"]},"Ext.fx.animation.PopOut":{"alias":["animation.popOut"],"alternates":[]},"Ext.fx.animation.Slide":{"alias":["animation.slide","animation.slideIn"],"alternates":["Ext.fx.animation.SlideIn"]},"Ext.fx.animation.SlideOut":{"alias":["animation.slideOut"],"alternates":[]},"Ext.fx.animation.Wipe":{"alias":[],"alternates":["Ext.fx.animation.WipeIn"]},"Ext.fx.animation.WipeOut":{"alias":[],"alternates":[]},"Ext.fx.easing.Abstract":{"alias":[],"alternates":[]},"Ext.fx.easing.Bounce":{"alias":[],"alternates":[]},"Ext.fx.easing.BoundMomentum":{"alias":[],"alternates":[]},"Ext.fx.easing.EaseIn":{"alias":["easing.ease-in"],"alternates":[]},"Ext.fx.easing.EaseOut":{"alias":["easing.ease-out"],"alternates":[]},"Ext.fx.easing.Easing":{"alias":[],"alternates":[]},"Ext.fx.easing.Linear":{"alias":["easing.linear"],"alternates":[]},"Ext.fx.easing.Momentum":{"alias":[],"alternates":[]},"Ext.fx.runner.Css":{"alias":[],"alternates":[]},"Ext.fx.runner.CssAnimation":{"alias":[],"alternates":[]},"Ext.fx.runner.CssTransition":{"alias":[],"alternates":["Ext.Animator"]},"Ext.grid.CellEditor":{"alias":["widget.celleditor"],"alternates":[]},"Ext.grid.Grid":{"alias":["widget.grid"],"alternates":[]},"Ext.grid.HeaderContainer":{"alias":["widget.headercontainer"],"alternates":[]},"Ext.grid.Location":{"alias":[],"alternates":[]},"Ext.grid.NavigationModel":{"alias":["navmodel.grid"],"alternates":[]},"Ext.grid.PagingToolbar":{"alias":["widget.pagingtoolbar"],"alternates":[]},"Ext.grid.Row":{"alias":["widget.gridrow"],"alternates":[]},"Ext.grid.RowBody":{"alias":["widget.rowbody"],"alternates":[]},"Ext.grid.RowHeader":{"alias":["widget.rowheader"],"alternates":[]},"Ext.grid.SummaryRow":{"alias":["widget.gridsummaryrow"],"alternates":[]},"Ext.grid.Tree":{"alias":["widget.tree"],"alternates":["Ext.tree.Tree"]},"Ext.grid.cell.Base":{"alias":["widget.gridcellbase"],"alternates":[]},"Ext.grid.cell.Boolean":{"alias":["widget.booleancell"],"alternates":[]},"Ext.grid.cell.Cell":{"alias":["widget.gridcell"],"alternates":[]},"Ext.grid.cell.Check":{"alias":["widget.checkcell"],"alternates":[]},"Ext.grid.cell.Date":{"alias":["widget.datecell"],"alternates":[]},"Ext.grid.cell.Expander":{"alias":["widget.expandercell"],"alternates":[]},"Ext.grid.cell.Number":{"alias":["widget.numbercell"],"alternates":[]},"Ext.grid.cell.RowNumberer":{"alias":["widget.rownumberercell"],"alternates":[]},"Ext.grid.cell.Text":{"alias":["widget.textcell"],"alternates":[]},"Ext.grid.cell.Tree":{"alias":["widget.treecell"],"alternates":[]},"Ext.grid.cell.Widget":{"alias":["widget.widgetcell"],"alternates":[]},"Ext.grid.column.Boolean":{"alias":["widget.booleancolumn"],"alternates":[]},"Ext.grid.column.Check":{"alias":["widget.checkcolumn"],"alternates":[]},"Ext.grid.column.Column":{"alias":["widget.column","widget.gridcolumn","widget.templatecolumn"],"alternates":["Ext.grid.column.Template"]},"Ext.grid.column.Date":{"alias":["widget.datecolumn"],"alternates":[]},"Ext.grid.column.Number":{"alias":["widget.numbercolumn"],"alternates":[]},"Ext.grid.column.RowNumberer":{"alias":["widget.rownumberer"],"alternates":[]},"Ext.grid.column.Selection":{"alias":["widget.selectioncolumn"],"alternates":[]},"Ext.grid.column.Text":{"alias":["widget.textcolumn"],"alternates":[]},"Ext.grid.column.Tree":{"alias":["widget.treecolumn"],"alternates":[]},"Ext.grid.menu.Columns":{"alias":["widget.gridcolumnsmenu"],"alternates":[]},"Ext.grid.menu.GroupByThis":{"alias":["widget.gridgroupbythismenuitem"],"alternates":[]},"Ext.grid.menu.ShowInGroups":{"alias":["widget.gridshowingroupsmenuitem"],"alternates":[]},"Ext.grid.menu.SortAsc":{"alias":["widget.gridsortascmenuitem"],"alternates":[]},"Ext.grid.menu.SortDesc":{"alias":["widget.gridsortdescmenuitem"],"alternates":[]},"Ext.grid.plugin.CellEditing":{"alias":["plugin.cellediting","plugin.gridcellediting"],"alternates":[]},"Ext.grid.plugin.ColumnResizing":{"alias":["plugin.columnresizing","plugin.gridcolumnresizing"],"alternates":[]},"Ext.grid.plugin.Editable":{"alias":["plugin.grideditable"],"alternates":[]},"Ext.grid.plugin.PagingToolbar":{"alias":["plugin.gridpagingtoolbar","plugin.pagingtoolbar"],"alternates":[]},"Ext.grid.plugin.RowExpander":{"alias":["plugin.rowexpander"],"alternates":[]},"Ext.grid.plugin.RowOperations":{"alias":["plugin.gridmultiselection","plugin.multiselection","plugin.rowoperations"],"alternates":["Ext.grid.plugin.MultiSelection"]},"Ext.grid.plugin.Summary":{"alias":["plugin.gridsummary","plugin.gridsummaryrow","plugin.summaryrow"],"alternates":["Ext.grid.plugin.SummaryRow"]},"Ext.grid.plugin.ViewOptions":{"alias":["plugin.gridviewoptions"],"alternates":[]},"Ext.grid.selection.Cells":{"alias":["selection.cells"],"alternates":[]},"Ext.grid.selection.Columns":{"alias":["selection.columns"],"alternates":[]},"Ext.grid.selection.Model":{"alias":["selmodel.grid"],"alternates":[]},"Ext.grid.selection.Replicator":{"alias":["plugin.selectionreplicator"],"alternates":[]},"Ext.grid.selection.SelectionExtender":{"alias":[],"alternates":[]},"Ext.layout.Auto":{"alias":["layout.auto","layout.default"],"alternates":["Ext.layout.Default"]},"Ext.layout.Box":{"alias":["layout.box"],"alternates":[]},"Ext.layout.Card":{"alias":["layout.card"],"alternates":[]},"Ext.layout.Carousel":{"alias":["layout.carousel"],"alternates":[]},"Ext.layout.Center":{"alias":["layout.center"],"alternates":[]},"Ext.layout.Fit":{"alias":["layout.fit"],"alternates":[]},"Ext.layout.Float":{"alias":["layout.float"],"alternates":[]},"Ext.layout.Form":{"alias":["layout.form"],"alternates":[]},"Ext.layout.HBox":{"alias":["layout.hbox"],"alternates":[]},"Ext.layout.VBox":{"alias":["layout.vbox"],"alternates":[]},"Ext.layout.card.fx.Abstract":{"alias":["layout.card.fx.abstract"],"alternates":[]},"Ext.layout.card.fx.Cover":{"alias":["layout.card.fx.cover"],"alternates":[]},"Ext.layout.card.fx.Cube":{"alias":["layout.card.fx.cube"],"alternates":[]},"Ext.layout.card.fx.Fade":{"alias":["layout.card.fx.fade"],"alternates":[]},"Ext.layout.card.fx.Flip":{"alias":["layout.card.fx.flip"],"alternates":[]},"Ext.layout.card.fx.Pop":{"alias":["layout.card.fx.pop"],"alternates":[]},"Ext.layout.card.fx.Reveal":{"alias":["layout.card.fx.reveal"],"alternates":[]},"Ext.layout.card.fx.Scroll":{"alias":["layout.card.fx.scroll"],"alternates":[]},"Ext.layout.card.fx.ScrollCover":{"alias":["layout.card.fx.scrollcover"],"alternates":[]},"Ext.layout.card.fx.ScrollReveal":{"alias":["layout.card.fx.scrollreveal"],"alternates":[]},"Ext.layout.card.fx.Serial":{"alias":[],"alternates":[]},"Ext.layout.card.fx.Slide":{"alias":["layout.card.fx.slide"],"alternates":[]},"Ext.layout.card.fx.Style":{"alias":[],"alternates":[]},"Ext.layout.wrapper.BoxDock":{"alias":[],"alternates":[]},"Ext.layout.wrapper.Inner":{"alias":[],"alternates":[]},"Ext.list.AbstractTreeItem":{"alias":[],"alternates":[]},"Ext.list.Location":{"alias":[],"alternates":[]},"Ext.list.RootTreeItem":{"alias":[],"alternates":[]},"Ext.list.Tree":{"alias":["widget.treelist"],"alternates":[]},"Ext.list.TreeItem":{"alias":["widget.treelistitem"],"alternates":[]},"Ext.menu.CheckItem":{"alias":["widget.menucheckitem"],"alternates":[]},"Ext.menu.Item":{"alias":["widget.menuitem"],"alternates":["Ext.menu.TextItem"]},"Ext.menu.Manager":{"alias":[],"alternates":["Ext.menu.MenuMgr"]},"Ext.menu.Menu":{"alias":["widget.menu"],"alternates":[]},"Ext.menu.RadioItem":{"alias":["widget.menuradioitem"],"alternates":[]},"Ext.menu.Separator":{"alias":["widget.menuseparator"],"alternates":[]},"Ext.mixin.Accessible":{"alias":[],"alternates":[]},"Ext.mixin.Bindable":{"alias":[],"alternates":[]},"Ext.mixin.Bufferable":{"alias":[],"alternates":[]},"Ext.mixin.ComponentDelegation":{"alias":[],"alternates":[]},"Ext.mixin.ConfigProxy":{"alias":[],"alternates":[]},"Ext.mixin.ConfigState":{"alias":[],"alternates":[]},"Ext.mixin.Container":{"alias":[],"alternates":[]},"Ext.mixin.Dirty":{"alias":[],"alternates":[]},"Ext.mixin.Factoryable":{"alias":[],"alternates":[]},"Ext.mixin.Focusable":{"alias":[],"alternates":[]},"Ext.mixin.FocusableContainer":{"alias":[],"alternates":[]},"Ext.mixin.Hookable":{"alias":[],"alternates":[]},"Ext.mixin.Identifiable":{"alias":[],"alternates":[]},"Ext.mixin.Inheritable":{"alias":[],"alternates":[]},"Ext.mixin.ItemRippler":{"alias":[],"alternates":[]},"Ext.mixin.Keyboard":{"alias":[],"alternates":[]},"Ext.mixin.Mashup":{"alias":[],"alternates":[]},"Ext.mixin.Observable":{"alias":[],"alternates":[]},"Ext.mixin.Pluggable":{"alias":[],"alternates":[]},"Ext.mixin.Progressable":{"alias":[],"alternates":[]},"Ext.mixin.Queryable":{"alias":[],"alternates":[]},"Ext.mixin.Responsive":{"alias":[],"alternates":[]},"Ext.mixin.Selectable":{"alias":[],"alternates":[]},"Ext.mixin.StoreWatcher":{"alias":[],"alternates":[]},"Ext.mixin.StyleCacher":{"alias":[],"alternates":[]},"Ext.mixin.Templatable":{"alias":[],"alternates":[]},"Ext.mixin.Toolable":{"alias":[],"alternates":[]},"Ext.mixin.Traversable":{"alias":[],"alternates":[]},"Ext.navigation.Bar":{"alias":[],"alternates":[]},"Ext.navigation.View":{"alias":["widget.navigationview"],"alternates":["Ext.NavigationView"]},"Ext.override.sparkline.Base":{"alias":[],"alternates":[]},"Ext.overrides.Progress":{"alias":[],"alternates":[]},"Ext.overrides.Widget":{"alias":[],"alternates":[]},"Ext.overrides.app.Application":{"alias":[],"alternates":[]},"Ext.overrides.dom.Element":{"alias":[],"alternates":[]},"Ext.overrides.list.Tree":{"alias":[],"alternates":[]},"Ext.overrides.list.TreeItem":{"alias":[],"alternates":[]},"Ext.package.Entry":{"idx":4,"alias":[],"alternates":[]},"Ext.panel.Collapser":{"alias":[],"alternates":[]},"Ext.panel.Collapsible":{"alias":[],"alternates":[]},"Ext.panel.Date":{"alias":["widget.datepanel"],"alternates":[]},"Ext.panel.DateView":{"alias":["widget.datepanelview"],"alternates":[]},"Ext.panel.Header":{"alias":["widget.panelheader"],"alternates":[]},"Ext.panel.Resizable":{"alias":[],"alternates":[]},"Ext.panel.Resizer":{"alias":[],"alternates":[]},"Ext.panel.Title":{"alias":["widget.paneltitle"],"alternates":[]},"Ext.parse.Parser":{"alias":[],"alternates":[]},"Ext.parse.Symbol":{"alias":[],"alternates":[]},"Ext.parse.Tokenizer":{"alias":[],"alternates":[]},"Ext.parse.symbol.Constant":{"alias":[],"alternates":[]},"Ext.parse.symbol.Infix":{"alias":[],"alternates":[]},"Ext.parse.symbol.InfixRight":{"alias":[],"alternates":[]},"Ext.parse.symbol.Paren":{"alias":[],"alternates":[]},"Ext.parse.symbol.Prefix":{"alias":[],"alternates":[]},"Ext.perf.Accumulator":{"alias":[],"alternates":[]},"Ext.perf.Monitor":{"alias":[],"alternates":["Ext.Perf"]},"Ext.picker.Date":{"alias":["widget.datepicker"],"alternates":["Ext.DatePicker"]},"Ext.picker.Picker":{"alias":["widget.picker"],"alternates":["Ext.Picker"]},"Ext.picker.Slot":{"alias":["widget.pickerslot"],"alternates":[]},"Ext.picker.Tablet":{"alias":["widget.tabletpicker"],"alternates":[]},"Ext.plugin.Abstract":{"alias":[],"alternates":["Ext.AbstractPlugin"]},"Ext.plugin.MouseEnter":{"alias":["plugin.mouseenter"],"alternates":[]},"Ext.plugin.Responsive":{"alias":["plugin.responsive"],"alternates":[]},"Ext.promise.Consequence":{"alias":[],"alternates":[]},"Ext.promise.Deferred":{"alias":[],"alternates":[]},"Ext.promise.Promise":{"alias":[],"alternates":[]},"Ext.route.Action":{"alias":[],"alternates":[]},"Ext.route.Mixin":{"alias":[],"alternates":[]},"Ext.route.Route":{"alias":[],"alternates":[]},"Ext.route.Router":{"alias":[],"alternates":[]},"Ext.scroll.Scroller":{"alias":["scroller.scroller"],"alternates":[]},"Ext.slider.Slider":{"alias":["widget.slider"],"alternates":[]},"Ext.slider.Thumb":{"alias":["widget.thumb"],"alternates":[]},"Ext.slider.Toggle":{"alias":["widget.toggleslider"],"alternates":[]},"Ext.sparkline.Bar":{"alias":["widget.sparklinebar"],"alternates":[]},"Ext.sparkline.BarBase":{"alias":[],"alternates":[]},"Ext.sparkline.Base":{"alias":["widget.sparkline"],"alternates":[]},"Ext.sparkline.Box":{"alias":["widget.sparklinebox"],"alternates":[]},"Ext.sparkline.Bullet":{"alias":["widget.sparklinebullet"],"alternates":[]},"Ext.sparkline.CanvasBase":{"alias":[],"alternates":[]},"Ext.sparkline.CanvasCanvas":{"alias":[],"alternates":[]},"Ext.sparkline.Discrete":{"alias":["widget.sparklinediscrete"],"alternates":[]},"Ext.sparkline.Line":{"alias":["widget.sparklineline"],"alternates":[]},"Ext.sparkline.Pie":{"alias":["widget.sparklinepie"],"alternates":[]},"Ext.sparkline.RangeMap":{"alias":[],"alternates":[]},"Ext.sparkline.Shape":{"alias":[],"alternates":[]},"Ext.sparkline.TriState":{"alias":["widget.sparklinetristate"],"alternates":[]},"Ext.sparkline.VmlCanvas":{"alias":[],"alternates":[]},"Ext.tab.Bar":{"alias":["widget.tabbar"],"alternates":["Ext.TabBar"]},"Ext.tab.Panel":{"alias":["widget.tabpanel"],"alternates":["Ext.TabPanel"]},"Ext.tab.Tab":{"alias":["widget.tab"],"alternates":["Ext.Tab"]},"Ext.theme.neptune.Titlebar":{"idx":0,"alias":[],"alternates":[]},"Ext.theme.neptune.panel.Date":{"idx":1,"alias":[],"alternates":[]},"Ext.tip.Manager":{"alias":[],"alternates":[]},"Ext.tip.ToolTip":{"alias":["widget.tooltip"],"alternates":[]},"Ext.util.AbstractMixedCollection":{"alias":[],"alternates":[]},"Ext.util.Audio":{"alias":[],"alternates":[]},"Ext.util.Bag":{"alias":[],"alternates":[]},"Ext.util.Base64":{"alias":[],"alternates":[]},"Ext.util.BufferedCollection":{"alias":[],"alternates":[]},"Ext.util.CSS":{"alias":[],"alternates":[]},"Ext.util.CSV":{"alias":[],"alternates":[]},"Ext.util.ClickRepeater":{"alias":[],"alternates":["Ext.util.TapRepeater"]},"Ext.util.Collection":{"alias":[],"alternates":[]},"Ext.util.CollectionKey":{"alias":[],"alternates":[]},"Ext.util.Color":{"alias":[],"alternates":["Ext.draw.Color"]},"Ext.util.Cookies":{"alias":[],"alternates":[]},"Ext.util.DelimitedValue":{"alias":[],"alternates":[]},"Ext.util.Draggable":{"alias":[],"alternates":[]},"Ext.util.Event":{"alias":[],"alternates":[]},"Ext.util.Filter":{"alias":[],"alternates":[]},"Ext.util.FilterCollection":{"alias":[],"alternates":[]},"Ext.util.Fly":{"alias":[],"alternates":[]},"Ext.util.Format":{"alias":[],"alternates":[]},"Ext.util.Geolocation":{"alias":[],"alternates":["Ext.util.GeoLocation"]},"Ext.util.Group":{"alias":[],"alternates":[]},"Ext.util.GroupCollection":{"alias":[],"alternates":[]},"Ext.util.Grouper":{"alias":[],"alternates":[]},"Ext.util.HashMap":{"alias":[],"alternates":[]},"Ext.util.History":{"alias":[],"alternates":["Ext.History"]},"Ext.util.Inflector":{"alias":[],"alternates":[]},"Ext.util.InputBlocker":{"alias":[],"alternates":[]},"Ext.util.ItemCollection":{"alias":[],"alternates":["Ext.ItemCollection"]},"Ext.util.KeyMap":{"alias":[],"alternates":["Ext.KeyMap"]},"Ext.util.KeyNav":{"alias":[],"alternates":["Ext.KeyNav"]},"Ext.util.LineSegment":{"alias":[],"alternates":[]},"Ext.util.LocalStorage":{"alias":[],"alternates":[]},"Ext.util.LruCache":{"alias":[],"alternates":[]},"Ext.util.MixedCollection":{"alias":[],"alternates":[]},"Ext.util.ObjectTemplate":{"alias":[],"alternates":[]},"Ext.util.Observable":{"alias":[],"alternates":[]},"Ext.util.Offset":{"alias":[],"alternates":[]},"Ext.util.PaintMonitor":{"alias":[],"alternates":[]},"Ext.util.Point":{"alias":[],"alternates":[]},"Ext.util.PositionMap":{"alias":[],"alternates":[]},"Ext.util.Positionable":{"alias":[],"alternates":[]},"Ext.util.Region":{"alias":[],"alternates":[]},"Ext.util.Schedulable":{"alias":[],"alternates":[]},"Ext.util.Scheduler":{"alias":[],"alternates":[]},"Ext.util.SizeMonitor":{"alias":[],"alternates":[]},"Ext.util.Sortable":{"alias":[],"alternates":[]},"Ext.util.Sorter":{"alias":[],"alternates":[]},"Ext.util.SorterCollection":{"alias":[],"alternates":[]},"Ext.util.Spans":{"alias":[],"alternates":[]},"Ext.util.TSV":{"alias":[],"alternates":[]},"Ext.util.TaskManager":{"alias":[],"alternates":["Ext.TaskManager"]},"Ext.util.TaskRunner":{"alias":[],"alternates":[]},"Ext.util.TextMetrics":{"alias":[],"alternates":[]},"Ext.util.TranslatableGroup":{"alias":[],"alternates":[]},"Ext.util.TranslatableList":{"alias":[],"alternates":[]},"Ext.util.Wrapper":{"alias":[],"alternates":[]},"Ext.util.XTemplateCompiler":{"alias":[],"alternates":[]},"Ext.util.XTemplateParser":{"alias":[],"alternates":[]},"Ext.util.paintmonitor.Abstract":{"alias":[],"alternates":[]},"Ext.util.paintmonitor.CssAnimation":{"alias":[],"alternates":[]},"Ext.util.paintmonitor.OverflowChange":{"alias":[],"alternates":[]},"Ext.util.sizemonitor.Abstract":{"alias":[],"alternates":[]},"Ext.util.sizemonitor.OverflowChange":{"alias":[],"alternates":[]},"Ext.util.sizemonitor.Scroll":{"alias":[],"alternates":[]},"Ext.util.translatable.Abstract":{"alias":[],"alternates":[]},"Ext.util.translatable.Component":{"alias":["translatable.component"],"alternates":[]},"Ext.util.translatable.CssPosition":{"alias":["translatable.cssposition"],"alternates":[]},"Ext.util.translatable.CssTransform":{"alias":["translatable.csstransform"],"alternates":[]},"Ext.util.translatable.Dom":{"alias":["translatable.dom"],"alternates":[]},"Ext.util.translatable.ScrollParent":{"alias":["translatable.scrollparent"],"alternates":[]},"Ext.util.translatable.ScrollPosition":{"alias":["translatable.scrollposition"],"alternates":[]},"Ext.viewport.Android":{"alias":[],"alternates":[]},"Ext.viewport.Default":{"alias":["widget.viewport"],"alternates":[]},"Ext.viewport.Ios":{"alias":[],"alternates":[]},"Ext.viewport.Viewport":{"alias":[],"alternates":[]},"Ext.viewport.WindowsPhone":{"alias":[],"alternates":["Ext.viewport.WP"]},"packageApp.Application":{"idx":6,"alias":[],"alternates":[]},"packageApp.model.Base":{"idx":7,"alias":[],"alternates":[]},"packageApp.model.Personnel":{"idx":8,"alias":[],"alternates":[]},"packageApp.store.Personnel":{"idx":9,"alias":["store.personnel"],"alternates":[]},"packageApp.view.main.List":{"idx":12,"alias":["widget.mainlist"],"alternates":[]},"packageApp.view.main.Main":{"idx":13,"alias":["widget.app-main"],"alternates":[]},"packageApp.view.main.MainController":{"idx":10,"alias":["controller.main"],"alternates":[]},"packageApp.view.main.MainModel":{"idx":11,"alias":["viewmodel.main"],"alternates":[]}},"packages":{"Groups":{"css":true,"namespace":"Groups","requires":["ext","core","modern"],"version":"1.0.0"},"Settings":{"css":true,"namespace":"Settings","requires":["ext","core","modern"],"version":"1.0.0"},"Users":{"css":true,"namespace":"Users","requires":["ext","core","modern"],"version":"1.0.0"},"cmd":{"version":"6.5.0.180"},"core":{"css":true,"included":true,"required":true,"requires":["ext","modern"],"version":"6.5.0"},"ext":{"css":true,"included":true,"license":"commercial","namespace":"Ext","required":true,"requires":[],"version":"6.5.0.775"},"font-awesome":{"css":true,"included":true,"namespace":"Ext","required":true,"requires":["ext","core","modern","theme-base","font-ext","theme-neptune"],"theme":"theme-neptune","version":"4.7.0"},"font-ext":{"css":true,"included":true,"namespace":"Ext","required":true,"requires":["ext","core","modern","theme-base","font-awesome","theme-neptune"],"theme":"theme-neptune","version":"6.5.0"},"modern":{"css":true,"included":true,"namespace":"Ext","required":true,"requires":["ext","core"],"version":"6.5.0"},"package-loader":{"css":true,"included":true,"required":true,"requires":["ext","core","modern"],"version":"1.0.0.230"},"theme-base":{"css":true,"included":true,"namespace":"Ext","required":true,"requires":["ext","core","modern"],"version":"6.5.0"},"theme-neptune":{"css":true,"extend":"theme-base","included":true,"namespace":"Ext","required":true,"requires":["ext","core","modern","theme-base","font-awesome","font-ext"],"version":"6.5.0"},"theme-triton":{"css":true,"extend":"theme-neptune","included":true,"namespace":"Ext","required":true,"requires":["ext","core","modern","theme-base","font-awesome","font-ext","theme-neptune"],"version":"6.5.0"}},"js":[{"isSdk":true,"path":"../ext/build/ext-modern-all-debug.js"},{"bootstrap":true,"path":"../ext/modern/theme-neptune/overrides/TitleBar.js"},{"bootstrap":true,"path":"../ext/modern/theme-neptune/overrides/init.js"},{"bootstrap":true,"path":"../ext/modern/theme-neptune/overrides/panel/Date.js"},{"bootstrap":true,"path":"../ext/modern/theme-triton/overrides/init.js"},{"bootstrap":true,"remote":true,"platform":["fashion"],"isSdk":false,"path":"/~cmd/extensions/sencha-fashion/fashion/fashion.js"},{"bootstrap":true,"remote":true,"platform":["fashion"],"isSdk":false,"path":"/~cmd/extensions/sencha-fashion/sass-compiler.js"},{"path":"app.js"}],"css":[{"exclude":["fashion"],"path":"../build/development/packageApp/modern/resources/packageApp-all.css"}],"cache":{"enable":false,"deltas":"modern/deltas"},"fashion":{"inliner":{"enable":false}},"name":"packageApp","version":"1.0.0.0","framework":"ext","loader":{"cache":false,"cacheParam":"_dc"},"id":"45891934-40e5-42ed-b6b2-155c5198df46","watch":{"delay":250},"toolkit":"modern","theme":"theme-triton","profile":"modern","hash":"2ad826c4239049ff8ff3d56419392143a0b42b25","resources":{"path":"../build/development/packageApp/modern/resources","shared":"../build/development/packageApp/resources"}}